country,region,pdi,idv,mas,uai,lto,ivr,business_notes,,payment_rail,cash_heavy
United States,North America,40,91,62,46,26,68,"Low power distance + very high individualism: flat orgs and founder-led sales pitch work; direct ""here is my idea","[' here is the ROI"" communication lands; failure is socially survivable so rapid retry and public pivots are cheap. High indulgence + short-term orientation favours subscription', ' convenience and premium consumer plays; watch for hype cycles and short patience.']",card and digital wallets dominant; ACH transfers; buy-now-pay-later now mainstream,0
Australia,Oceania,38,90,61,51,21,71,Very similar to the US on individualism but with stronger anti-tall-poppy culture: overt status signalling backfires,"[' understated framing wins. Small market', ' high concentration of buying power', ' strong regulation and consumer protection. Short-term orientation means long ""relationship first"" sales cycles feel like stalling; direct but friendly works.']","card/EFTPOS dominant, close to cashless; bank transfer via PayID; buy-now-pay-later widely used",0
New Zealand,Oceania,22,79,58,49,33,75,Lowest power distance in this set: hierarchy-based authority claims carry little weight. Pragmatic,"[' fast-trust', ' small-market economics means you must design for export from day one. Sustainability and integrity signals matter commercially.']","card dominant, low cash use; EFTPOS everywhere",0
United Kingdom,Europe,35,89,66,35,51,69,HIGH individualism + relatively low uncertainty avoidance: novel business models are tolerated,[' but so is blunt criticism. Class/network signals still shape access to capital. Understatement is a trust signal; over-selling is penalised. Long-term orientation mid-range: patient capital exists but quarterly pressure dominates.'],card and direct debit dominant; faster payments; open banking,0
Germany,Europe,35,67,66,65,83,40,Low power distance + HIGH uncertainty avoidance + high long-term orientation: rigorous documentation,"[' certification', ' standards and process reliability are the price of entry. Punctuality and precision are commercial requirements', ' not preferences. Strong Mittelstand (family SME) culture - long B2B relationships', ' conservatism about debt.']",SEPA bank transfer and invoice are normal for B2B; cash still respected by small merchants; cards less universal than the UK,0
France,Europe,68,71,43,86,63,48,HIGH power distance + very high uncertainty avoidance: formal hierarchy and credentials matter,"[' decisions escalate upward', ' and improvisation is distrusted. State and regulatory relationships shape market access. Rhetoric and conceptual framing are valued; polish your argument', ' not just the spreadsheet.']",carte bancaire dominant; cheques still exist for some payments; cash for small amounts,0
Italy,Europe,50,76,70,75,61,30,High uncertainty avoidance + high masculinity with strong regional (not national) identity: family firms and local networks dominate. Design,[' craft and brand heritage are real competitive assets. Personal trust and introduction beat cold outreach; distrust of distant institutions is high.'],cash still significant for small merchants; cards rising; bank transfer for B2B,1
Sweden,Europe,31,71,5,29,53,78,Lowest masculinity in this set: collaboration,"[' consensus (lagom)', ' work-life balance and sustainability are commercial norms', ' not branding. Flat decision-making means slow consensus but fast execution once agreed. Very high indulgence + low uncertainty avoidance = early adopters for digital and green products.']",close to cashless; Swish mobile payments; card standard,0
Japan,Asia,54,46,95,92,88,42,High masculinity + very high uncertainty avoidance + very high long-term orientation: perfection,"[' detail', ' after-sales depth and long qualification cycles. Consensus (nemawashi) must be built before the meeting. Collectivist: group and supplier loyalty outrank price alone. Enter with a partner.']",cash strongly preferred by consumers; konbini payment network; IC transit cards; cash-on-delivery for online orders,1
China,Asia,80,20,66,30,87,24,High power distance + very low individualism + very long-term orientation: relationships (guanxi),"["" hierarchy and patient capital matter. Speed of iteration and scale beat perfection. The state's industrial priorities shape entire sectors. Low uncertainty avoidance means rapid trial-and-error adoption is normal.""]",mobile QR payments (Alipay/WeChat Pay) near-universal in cities; cash rare; high consumer credit familiarity,0
India,Asia,77,48,56,40,51,26,High power distance + collectivist + moderate masculinity: family and community networks are the main distribution and credit channels. Extreme price sensitivity alongside premium segments - design for both (sachet pricing). Low indulgence + high uncertainty acceptance = pragmatism,"[' jugaad improvisation', ' and tolerance for imperfect first versions.']",UPI mobile payments dominant and free; cash still used; cash-on-delivery essential for e-commerce trust,1
Indonesia,Asia,78,14,46,48,62,38,Very collectivist with high power distance: community (gotong royong) consensus and religious/traditional authority are core to trust. Mobile-first,[' informal retail (warung) distribution is essential for consumer goods. Patience and presence beat transactional pitching.'],"cash and bank transfer dominant; e-wallets (GoPay, OVO) growing; cash-on-delivery essential for online trust",1
Singapore,Asia,74,20,48,8,72,46,Lowest uncertainty avoidance in Asia: regulatory clarity,"[' speed and rule-following make it a deliberate test-bed. English-speaking', ' meritocratic and gateway to ASEAN. Government-linked capital and talent programmes are significant; compliance is a competitive advantage', ' not a cost.']",card and PayNow dominant; very high card penetration,0
United Arab Emirates,Middle East,90,25,50,80,40,45,Very high power distance + collectivist: senior sponsorship is required to open doors; family and tribal networks mediate deals. Hospitality and relationship-building precede commercial discussion. Low taxation and free zones make it an attractive test market for regional expansion.,,card dominant; cash still used; large expatriate remittance flows,0
Saudi Arabia,Middle East,95,25,60,80,36,52,Highest power distance in this set: decisions are centralised and personal relationships with decision-makers are decisive. Religious calendar and values shape product and marketing design. Rapid state-led reform (Vision 2030) creates structural openings in new sectors.,,mada card network dominant; cash declining in cities; buy-now-pay-later growing fast,0
Nigeria,Africa,80,30,60,55,13,84,High power distance + short-term orientation + highest indulgence: aspiration,"[' celebration and status display drive consumer branding. Informal markets and mobile money dominate distribution. Trust is personal and network-led; institutional trust is low', ' so guarantees and visible proof matter.']",cash still dominant; bank transfer and USSD banking; mobile money growing; low card penetration,1
Kenya,Africa,70,25,60,50,23,40,Collectivist + moderate uncertainty avoidance: community-based savings groups (chama,[' SACCO) and mobile money (M-Pesa) are the financial rails to build on. Leapfrog dynamics - products that assume legacy infrastructure will fail; products that skip it win.'],mobile money (M-Pesa) dominant for everyday payments; cash still significant in rural areas,1
Brazil,Latin America,69,38,49,76,44,59,"High power distance + collectivist + high uncertainty avoidance: personal relationships and flexibility (""jeitinho"") are how things actually get done. Complex tax and labour bureaucracy raise the cost of formal operation; consumer credit and instalment payments (parcelamento) are essential to pricing.",,Pix instant payments dominant; instalment plans (parcelamento) are a cultural expectation; boleto slips,1
Mexico,Latin America,81,30,69,82,24,97,High power distance + high masculinity + highest indulgence: family business dynasties and personal loyalty rule; hierarchy is expected in meetings. Consumer culture rewards vibrant brand identity and celebration. Short-term orientation means immediate value must be visible.,,cash dominant; SPEI bank transfers; OXXO stores as cash-in points; instalments common,1
